Input,Tag,Topic
there is not a single one I dislike,all,any
I watch everything,all,any
there are many sports I enjoy,all,any
every sport really,all,any
"I'm a big fan of all, it's hard to pick a favorite.",all,any
"I enjoy trying out new ones and experiencing different aspects of each one.",all,any
"I can't choose just one favorite - I love them all!",all,any
there is no song I dislike,all,any
I can listen to everything,all,any
there is so much music I enjoy,all,any
I like it all,all,any
Any music,all,any
I play football,football,sports
football is my favourite sport,football,sports
football,football,sports
Football is definitely my favorite sport.,football,sports
I love football above all other sports.,football,sports
There's no competition - football is the best.,football,sports
"I'm a huge football fan, it's my favorite sport.",football,sports
"For me, it's football all the way.",football,sports
"Tennis is definitely my favorite sport.",tennis,sports
"I love the strategy and athleticism of tennis.",tennis,sports
"There's nothing like the feeling of hitting a perfect shot on the court.",tennis,sports
"I could watch professional tennis all day.",tennis,sports
"I'm a huge fan of the mental and physical challenge of tennis.",tennis,sports
"I can't get enough of the energy and excitement of a live match.",tennis,sports
"For me, it's tennis above all other sports.",tennis,sports
"I've been playing and watching tennis for as long as I can remember - it's my favorite sport.",tennis,sports
tennis,tennis,sports
"Rugby is my absolute favorite sport.",rugby,sports
"I love the physicality and teamwork of rugby.",rugby,sports
"There's nothing quite like the thrill of a good scrum.",rugby,sports
"I'm a huge fan of the fast-paced action of rugby.",rugby,sports
"I can't get enough of the intensity and passion of the sport.",rugby,sports
rugby,rugby,sports
"Running is my favorite way to stay active and healthy.",running,sports
"I love the feeling of hitting my stride on a run.",running,sports
"There's nothing quite like the rush of a good run.",running,sports
"I'm a huge fan of the simplicity and accessibility of running.",running,sports
"For me, there's no better way to clear my head than going for a run.",running,sports
running,running,sports
"Swimming is my favorite way to stay active and fit.",swimming,sports
"I love the feeling of gliding through the water.",swimming,sports
"There's nothing quite like the rush of a good swim.",swimming,sports
"I'm a huge fan of the low-impact, full-body workout that swimming provides.",swimming,sports
"For me, there's no better way to relax and unwind than a swim.",swimming,sports
swimming,swimming,sports
"Horse riding is my absolute favorite sport.",horseriding,sports
"I love the bond and trust that develops between a rider and their horse.",horseriding,sports
"There's nothing quite like the feeling of galloping across a field on horseback.",horseriding,sports
"I'm a huge fan of the grace and beauty of horse riding.",horseriding,sports
"For me, there's no better way to relax and unwind than a ride on my horse.",horseriding,sports
horseriding,horseriding,sports
"Fitness is my favorite way to stay active and healthy.",fitness,sports
"I love the feeling of pushing myself and seeing progress in my workouts.",fitness,sports
"There's nothing quite like the rush of a good workout.",fitness,sports
"I'm a huge fan of the variety and challenges that come with fitness.",fitness,sports
"For me, there's no better way to clear my head and feel good about myself than a good workout.",fitness,sports
fitness,fitness,sports
"Basketball is my absolute favorite sport.",basketball,sports
"I love the fast-paced action and teamwork of basketball.",basketball,sports
"There's nothing quite like the feeling of sinking a three-pointer.",basketball,sports
"I'm a huge fan of the physicality and strategy of basketball.",basketball,sports
"For me, there's no better way to get some exercise and have fun than a game of basketball.",basketball,sports
basketball,basketball,sports
"Baseball is my absolute favorite sport.",baseball,sports
"I love the strategy and athleticism of baseball.",baseball,sports
"There's nothing quite like the feeling of hitting a home run.",baseball,sports
"I'm a huge fan of the mental and physical challenges of baseball.",baseball,sports
"For me, there's no better way to spend a summer day than at a baseball game.",baseball,sports
baseball,baseball,sports
"I love rock music! My favorite bands are AC/DC, Metallica, and Guns N' Roses.",rock,music
"I'm a huge fan of classic rock and bands like Led Zeppelin, The Who, and Pink Floyd.",rock,music
"I enjoy all kinds of rock music, from heavy metal to alternative to classic rock.",rock,music
"Rock music just speaks to me on a deep level. There's something about the energy and emotion of it that I can't get enough of.",rock,music
"I love discovering new rock bands and exploring different sub-genres within the rock world.",rock,music
"Some of my favorite rock albums are Appetite for Destruction by Guns N' Roses, Master of Puppets by Metallica, and Dark Side of the Moon by Pink Floyd.",rock,music
I've been to countless rock concerts and love the energy of a live rock show.,rock,music
Rock music is just an integral part of who I am and what I love.,rock,music
I enjoy rock music.,rock,music
rock,rock,music
House music is my jam! I love the beats and the energy of it.,house,music
I've been a fan of house music for as long as I can remember and I never get tired of it.,house,music
I love going to electronic dance music (EDM) festivals and dancing to house music all night long.,house,music
"Some of my favorite house DJs and producers are David Guetta, Calvin Harris, and Tiesto.",house,music
I love the diversity within the house music scene and there are always new artists and styles to discover.,house,music
"Whether I'm working out, driving, or just relaxing at home, I love having house music on in the background.",house,music
House music just puts me in a good mood and I love the way it makes me feel.,house,music
I'm always on the lookout for new house music to add to my playlist.,house,music
house,house,music
Pop music is my guilty pleasure! I just can't get enough of those catchy tunes and relatable lyrics.,pop,music
"Some of my favorite pop artists are Taylor Swift, Bruno Mars, and Ed Sheeran.",pop,music
I love going to concerts and seeing my favorite pop artists perform live.,pop,music
Pop music is just so upbeat and fun. It's the perfect pick-me-up when I'm feeling down.,pop,music
I'm always up for discovering new pop artists and adding their songs to my playlist.,pop,music
Pop music is just such a huge part of popular culture and I love being a part of it.,pop,music
"Whether I'm driving, working out, or just hanging out at home, I love having pop music on in the background.",pop,music
Pop music just makes me happy and I can't get enough of it.,pop,music
pop,pop,music
Classical music is just so beautiful and timeless. I can't get enough of it.,classical,music
"I'm a big fan of classical composers like Bach, Beethoven, and Mozart. Their music is just so timeless and enduring.",classical,music
"Whether I'm relaxing at home or driving in my car, I love having classical music on in the background.",classical,music
I love going to classical music concerts and experiencing the beauty and majesty of it live.,classical,music
Classical music just has this way of calming my mind and helping me relax.,classical,music
I'm always on the lookout for new classical music to add to my playlist.,classical,music
classical,classical,music
Hardstyle/hardcore music is my go-to for getting pumped up and energized. I love the hard-hitting beats and aggressive sound.,hardstyle,music
"Some of my favorite hardstyle/hardcore artists are Angerfist, Miss K8, and Neophyte.",hardstyle,music
I love going to hardstyle/hardcore music festivals and experiencing the energy and intensity of the music live.,hardstyle,music
Hardstyle/hardcore music is just so different from anything else out there. It's like its own world and I'm a big fan.,hardstyle,music
"Whether I'm working out, driving, or just hanging out with friends, I love having hardstyle/hardcore music on in the background.",hardstyle,music
I'm always on the lookout for new hardstyle/hardcore artists and tracks to add to my playlist.,hardstyle,music
Hardstyle/hardcore music just has this way of getting me pumped up and energized. It's like nothing else can.,hardstyle,music
I love the diversity within the hardstyle/hardcore scene and there are always new artists and styles to discover.,hardstyle,music
hardstyle,hardstyle,music
"Soccer is my absolute favorite sport.",soccer,sports
"I love the fast-paced action and teamwork of soccer.",soccer,sports
"There's nothing quite like the feeling of scoring a goal.",soccer,sports
"I'm a huge fan of the strategy and athleticism of soccer.",soccer,sports
"For me, there's no better way to get some exercise and have fun than a game of soccer.",soccer,sports
soccer,soccer,sports
"Golf is my absolute favorite sport.",golf,sports
"I love the strategy and precision required in golf.",golf,sports
"There's nothing quite like the feeling of sinking a long putt.",golf,sports
"I'm a huge fan of the mental and physical challenges of golf.",golf,sports
"For me, there's no better way to relax and enjoy nature than a round of golf.",golf,sports
golf,golf,sports
"Skiing is my absolute favorite sport.",skiing,sports
"I love the rush of adrenaline from skiing downhill.",skiing,sports
"There's nothing quite like the feeling of carving through fresh powder.",skiing,sports
"I'm a huge fan of the physical and mental challenges of skiing.",skiing,sports
"For me, there's no better way to spend a winter day than on the slopes.",skiing,sports
skiing,skiing,sports
"Hiking is my absolute favorite sport.",hiking,sports
"I love the feeling of getting out into nature and exploring new trails.",hiking,sports
"There's nothing quite like the feeling of reaching the summit of a mountain.",hiking,sports
"I'm a huge fan of the physical and mental challenges of hiking.",hiking,sports
"For me, there's no better way to get some exercise and enjoy the great outdoors than a good hike.",hiking,sports
hiking,hiking,sports
"Boxing is my absolute favorite sport.",boxing,sports
"I love the physical and mental challenges of boxing.",boxing,sports
"There's nothing quite like the feeling of throwing a perfect punch.",boxing,sports
"I'm a huge fan of the strategy and athleticism required in boxing.",boxing,sports
"For me, there's no better way to get in a great workout than a boxing session.",boxing,sports
boxing,boxing,sports
"Hockey is my absolute favorite sport.",hockey,sports
"I love the fast-paced action and physicality of hockey.",hockey,sports
"There's nothing quite like the feeling of scoring a goal on the ice.",hockey,sports
"I'm a huge fan of the strategy and teamwork required in hockey.",hockey,sports
"For me, there's no better way to spend a winter night than at a hockey game.",hockey,sports
hockey,hockey,sports
"Table tennis is my absolute favorite sport.",tabletennis,sports
"I love the fast-paced action and precision required in table tennis.",tabletennis,sports
"There's nothing quite like the feeling of sending a winner past your opponent.",tabletennis,sports
"I'm a huge fan of the mental and physical challenges of table tennis.",tabletennis,sports
"For me, there's no better way to get in a great workout and have fun than a game of table tennis.",tabletennis,sports
tabletennis,tabletennis,sports
"Field hockey is my absolute favorite sport.",fieldhockey,sports
"I love the fast-paced action and physicality of field hockey.",fieldhockey,sports
"There's nothing quite like the feeling of scoring a goal with a well-struck shot.",fieldhockey,sports
"I'm a huge fan of the strategy and teamwork required in field hockey.",fieldhockey,sports
"For me, there's no better way to get some exercise and have fun than a game of field hockey.",fieldhockey,sports
fieldhockey,fieldhockey,sports

"I love to travel to beautiful beaches and relax on the sandy shores.",beaches,travel
"There's nothing quite like the feeling of the warm sun on my skin and the cool ocean breeze.",beaches,travel
"I'm a huge fan of the laid-back atmosphere and the opportunity to try water sports at beach destinations.",beaches,travel
"For me, there's no better way to escape the stresses of daily life and relax than by visiting a beautiful beach.",beaches,travel
"I love to travel to tropical beaches and relax in the sun.",beaches,travel
"There's nothing quite like the feeling of the sand between my toes and the sound of the waves crashing.",beaches,travel
"I'm a huge fan of the laid-back atmosphere and the delicious seafood at beach destinations.",beaches,travel
"For me, there's no better way to unwind and recharge than a beach vacation.",beaches,travel
beaches,beaches,travel
"I love to travel to exciting cities and explore all they have to offer.",cities,travel
"There's nothing quite like the feeling of discovering a new restaurant or shopping in a trendy neighborhood.",cities,travel
"I'm a huge fan of the cultural experiences and the abundance of entertainment options available in cities.",cities,travel
"For me, there's no better way to immerse myself in new experiences and make memories than by visiting an exciting city.",cities,travel
"I love to travel to big cities and experience the hustle and bustle of urban life.",cities,travel
"There's nothing quite like the feeling of walking through the streets of a new city and discovering all it has to offer.",cities,travel
"I'm a huge fan of the cultural experiences and diverse cuisines available in cities.",cities,travel
"For me, there's no better way to immerse myself in a new culture than by visiting a big city.",cities,travel
cities,cities,travel
"I love to travel to beautiful national parks and hike through stunning landscapes.",nationalparks,travel
"There's nothing quite like the feeling of standing at the top of a mountain and taking in the breathtaking views.",nationalparks,travel
"I'm a huge fan of the natural beauty and the opportunity to connect with nature at national parks.",nationalparks,travel
"For me, there's no better way to escape the stresses of daily life than by immersing myself in the great outdoors at a national park.",nationalparks,travel
nationalparks,nationalparks,travel
"I love to travel to exotic, far-off destinations and immerse myself in new cultures.",exoticlocations,travel
"There's nothing quite like the feeling of stepping off the plane and being surrounded by a completely different way of life.",exoticlocations,travel
"I'm a huge fan of the opportunity to try new foods and learn about different customs in exotic locations.",exoticlocations,travel
"For me, there's no better way to expand my horizons and gain new perspectives than by traveling to an exotic destination.",exoticlocations,travel
exoticlocations,exoticlocations,travel
"I love to travel to small, quaint towns and experience the slower pace of life.",smalltowns,travel
"There's nothing quite like the feeling of walking through the charming streets of a small town and discovering its unique character.",smalltowns,travel
"I'm a huge fan of the friendly locals and the opportunity to relax and unwind in small towns.",smalltowns,travel
"For me, there's no better way to get away from it all and find some peace and quiet than by visiting a small town.",smalltowns,travel
smalltowns,smalltowns,travel
"I love to travel to Italy and experience the rich culture and history of the country.",italy,travel
"There's nothing quite like the feeling of standing in front of the Colosseum or the Leaning Tower of Pisa.",italy,travel
"I'm a huge fan of the delicious Italian cuisine and the beautiful countryside.",italy,travel
"For me, there's no better way to immerse myself in a new culture than by visiting Italy.",italy,travel
italy,italy,travel
"I love to travel to France and experience the charming culture and sophisticated style of the country.",france,travel
"There's nothing quite like the feeling of strolling along the Champs-Elysees or admiring the Eiffel Tower.",france,travel
"I'm a huge fan of the delicious French cuisine and the beautiful wine regions.",france,travel
"For me, there's no better way to indulge in luxury and refinement than by visiting France.",france,travel
france,france,travel
"I love to travel to Spain and experience the vibrant culture and sunny beaches of the country.",spain,travel
"There's nothing quite like the feeling of dancing the night away at a flamenco show or lounging on the Mediterranean coast.",spain,travel
"I'm a huge fan of the delicious Spanish cuisine and the lively nightlife.",spain,travel
"For me, there's no better way to soak up the sun and have a good time than by visiting Spain.",spain,travel
spain,spain,travel
"I love to travel to Thailand and experience the unique culture and breathtaking landscapes of the country.",thailand,travel
"There's nothing quite like the feeling of visiting a Buddhist temple or exploring the lush jungle.",thailand,travel
"I'm a huge fan of the delicious Thai cuisine and the beautiful beaches.",thailand,travel
"For me, there's no better way to escape the stresses of daily life and find some inner peace than by visiting Thailand.",thailand,travel
thailand,thailand,travel
"I love to travel to Japan and experience the ancient culture and cutting-edge technology of the country.",japan,travel
"There's nothing quite like the feeling of visiting a traditional tea house or exploring a bustling city like Tokyo.",japan,travel
"I'm a huge fan of the delicious Japanese cuisine and the beautiful natural landscapes.",japan,travel
"For me, there's no better way to immerse myself in a unique and fascinating culture than by visiting Japan.",japan,travel
japan,japan,travel
"I love to travel to Europe and experience the rich history and cultural diversity of the continent.",europe,travel
"There's nothing quite like the feeling of strolling through the streets of Paris or exploring the ruins of Rome.",europe,travel
"I'm a huge fan of the delicious cuisine and beautiful architecture found throughout Europe.",europe,travel
"For me, there's no better way to immerse myself in new cultures and experiences than by traveling to Europe.",europe,travel
europe,europe,travel
"I love to travel to South America and experience the vibrant cultures and stunning landscapes of the continent.",southamerica,travel
"There's nothing quite like the feeling of dancing to salsa music in Colombia or exploring the Amazon rainforest in Brazil.",southamerica,travel
"I'm a huge fan of the delicious cuisine and the friendly locals found throughout South America.",southamerica,travel
"For me, there's no better way to immerse myself in new cultures and have an adventure than by traveling to South America.",southamerica,travel
southamerica,southamerica,travel
"I love to travel to Africa and experience the diverse cultures and breathtaking landscapes of the continent.",africa,travel
"There's nothing quite like the feeling of seeing wildlife up close on a safari or visiting ancient pyramids in Egypt.",africa,travel
"I'm a huge fan of the delicious cuisine and the opportunity to immerse myself in new cultures found throughout Africa.",africa,travel
"For me, there's no better way to have an adventure and make unforgettable memories than by traveling to Africa.",africa,travel
africa,africa,travel
"I love to travel to Asia and experience the ancient cultures and cutting-edge technology of the continent.",asia,travel
"There's nothing quite like the feeling of visiting the Great Wall of China or exploring the temples of Thailand.",asia,travel
"I'm a huge fan of the delicious cuisine and the unique shopping experiences found throughout Asia.",asia,travel
"For me, there's no better way to immerse myself in new cultures and have a once-in-a-lifetime experience than by traveling to Asia.",asia,travel
asia,asia,travel
